{"ce_loss": [305.62420654296875, 267.46942138671875, 264.35260009765625, 262.64190673828125, 261.5362854003906, 260.5275573730469, 259.8265686035156, 259.1252136230469, 258.51873779296875, 257.9408874511719, 257.57891845703125, 257.08013916015625, 256.7342529296875, 256.3838195800781, 256.06658935546875, 255.67453002929688, 255.4984588623047, 255.2167205810547, 254.9676971435547, 254.7648468017578, 254.44320678710938, 254.242919921875, 254.023193359375, 253.81784057617188, 253.67727661132812, 253.54678344726562, 253.39085388183594, 253.1114044189453, 252.86874389648438, 252.65147399902344, 252.59249877929688, 252.4733428955078, 252.38970947265625, 252.19876098632812, 252.06793212890625, 251.93301391601562, 251.8537139892578, 251.68881225585938, 251.6729278564453, 251.53890991210938, 251.45806884765625, 251.32131958007812, 251.2140655517578, 251.180419921875, 250.9333038330078, 250.96917724609375, 250.80181884765625, 250.73211669921875, 250.732666015625, 250.67239379882812], "kl_loss": [3.5918850898742676, 4.442416667938232, 4.540999889373779, 4.6187944412231445, 4.67378044128418, 4.713289260864258, 4.755866527557373, 4.78728723526001, 4.824857711791992, 4.856140613555908, 4.888633728027344, 4.897810935974121, 4.927696228027344, 4.933241367340088, 4.95569372177124, 4.977466583251953, 4.984483242034912, 5.002705097198486, 5.0119709968566895, 5.030542850494385, 5.043598651885986, 5.050361633300781, 5.0645880699157715, 5.069897174835205, 5.084954738616943, 5.0997395515441895, 5.114345073699951, 5.116931438446045, 5.1364641189575195, 5.139840126037598, 5.152389049530029, 5.151856899261475, 5.168475151062012, 5.166262149810791, 5.1923627853393555, 5.1828436851501465, 5.204719066619873, 5.1983466148376465, 5.204698085784912, 5.2099609375, 5.2340545654296875, 5.231534957885742, 5.236227989196777, 5.235472679138184, 5.2454657554626465, 5.242180347442627, 5.251349449157715, 5.250491619110107, 5.254696369171143, 5.266037464141846], "total_loss": [316.3997497558594, 280.796630859375, 277.9756774902344, 276.4984130859375, 275.5574035644531, 274.6675109863281, 274.0941467285156, 273.4869689941406, 272.99334716796875, 272.5093078613281, 272.2448425292969, 271.7737121582031, 271.5171813964844, 271.1834411621094, 270.93365478515625, 270.60699462890625, 270.4519958496094, 270.2248229980469, 270.00384521484375, 269.85650634765625, 269.5738830566406, 269.3942565917969, 269.21697998046875, 269.0274658203125, 268.93212890625, 268.8459777832031, 268.73388671875, 268.462158203125, 268.2780456542969, 268.0710144042969, 268.04974365234375, 267.9288330078125, 267.8951721191406, 267.6975402832031, 267.6450500488281, 267.4814453125, 267.4681091308594, 267.2837829589844, 267.28704833984375, 267.1688232421875, 267.1600341796875, 267.0159912109375, 266.92291259765625, 266.88677978515625, 266.6696472167969, 266.69549560546875, 266.55596923828125, 266.4838562011719, 266.496826171875, 266.470458984375]}